Freq [GHz],"dB(St(P1,P4)) []","dB(St(P1,P4))_1 []","dB(St(P1,P4))_2 []","dB(St(P1,P4))_3 []","dB(St(P1,P4))_3 []"
0,-256.203,-256.565,-256.579,-255.9016,-256.887
0.019723866,-57.184,-56.516,-57.012,-56.5256,-57.511
0.039447732,-51.174,-50.506,-50.993,-50.5106,-51.496
0.059171598,-47.67,-47.003,-47.477,-47.0016,-47.987
0.078895464,-45.195,-44.528,-44.992,-44.5226,-45.508
0.098619329,-43.288,-42.622,-43.077,-42.6136,-43.599
0.118343195,-41.746,-41.08,-41.529,-41.0696,-42.055
0.138067061,-40.459,-39.794,-40.24,-39.7816,-40.767
0.157790927,-39.348,-38.683,-39.129,-38.6706,-39.656
0.177514793,-38.381,-37.718,-38.163,-37.7036,-38.689
0.197238659,-37.525,-36.863,-37.31,-36.8486,-37.834
0.216962525,-36.803,-36.142,-36.593,-36.1266,-37.112
0.236686391,-36.113,-35.453,-35.907,-35.4366,-36.422
0.256410256,-35.5,-34.84,-35.298,-34.8236,-35.809
0.276134122,-34.959,-34.3,-34.762,-34.2826,-35.268
0.295857988,-34.426,-33.768,-34.233,-33.7496,-34.735
0.315581854,-33.996,-33.339,-33.808,-33.3196,-34.305
0.33530572,-33.569,-32.913,-33.385,-32.8916,-33.877
0.355029586,-33.182,-32.527,-33.001,-32.5036,-33.489
0.374753452,-32.846,-32.192,-32.668,-32.1666,-33.152
0.394477318,-32.5,-31.846,-32.324,-31.8196,-32.805
0.414201183,-32.231,-31.578,-32.057,-31.5486,-32.534
0.433925049,-31.957,-31.306,-31.784,-31.2736,-32.259
0.453648915,-31.706,-31.055,-31.533,-31.0206,-32.006
0.473372781,-31.497,-30.847,-31.325,-30.8106,-31.796
0.493096647,-31.272,-30.622,-31.1,-30.5826,-31.568
0.512820513,-31.107,-30.459,-30.935,-30.4166,-31.402
0.532544379,-30.937,-30.29,-30.765,-30.2446,-31.23
0.552268245,-30.778,-30.132,-30.606,-30.0846,-31.07
0.571992111,-30.658,-30.013,-30.486,-29.9616,-30.947
0.591715976,-30.52,-29.876,-30.348,-29.8216,-30.807
0.611439842,-30.416,-29.774,-30.246,-29.7166,-30.702
0.631163708,-30.321,-29.679,-30.152,-29.6196,-30.605
0.650887574,-30.24,-29.599,-30.072,-29.5366,-30.522
0.67061144,-30.177,-29.536,-30.011,-29.4706,-30.456
0.690335306,-30.118,-29.478,-29.954,-29.4086,-30.394
0.710059172,-30.073,-29.432,-29.91,-29.3586,-30.344
0.729783038,-30.052,-29.409,-29.887,-29.3286,-30.314
0.749506903,-30.027,-29.382,-29.86,-29.2936,-30.279
0.769230769,-30.021,-29.37,-29.844,-29.2696,-30.255
0.788954635,-30.032,-29.373,-29.838,-29.2556,-30.241
0.808678501,-30.053,-29.38,-29.83,-29.2396,-30.225
0.828402367,-30.129,-29.426,-29.837,-29.2396,-30.225
0.848126233,-30.193,-29.457,-29.835,-29.2296,-30.215
0.867850099,-30.505,-29.528,-29.847,-29.2376,-30.223
0.887573965,-30.826,-29.536,-29.851,-29.2366,-30.222
0.90729783,-30.482,-29.051,-29.855,-29.2406,-30.226
0.927021696,-29.909,-28.422,-29.856,-29.2426,-30.228
0.946745562,-29.561,-28.206,-29.849,-29.2396,-30.225
0.966469428,-29.418,-28.438,-29.835,-29.2336,-30.219
0.986193294,-29.277,-28.63,-29.814,-29.2196,-30.205
1.00591716,-29.286,-28.665,-29.777,-29.1936,-30.179
1.025641026,-29.283,-28.695,-29.737,-29.1616,-30.147
1.045364892,-29.263,-28.679,-29.672,-29.0976,-30.083
1.065088757,-29.236,-28.656,-29.603,-29.0276,-30.013
1.084812623,-29.192,-28.611,-29.514,-28.9226,-29.908
1.104536489,-29.138,-28.554,-29.415,-28.8026,-29.788
1.124260355,-29.07,-28.484,-29.302,-28.6706,-29.656
1.143984221,-28.988,-28.397,-29.173,-28.5256,-29.511
1.163708087,-28.899,-28.303,-29.039,-28.3806,-29.366
1.183431953,-28.789,-28.188,-28.884,-28.2356,-29.221
1.203155819,-28.677,-28.071,-28.729,-28.0906,-29.076
1.222879684,-28.543,-27.933,-28.558,-27.9386,-28.924
1.24260355,-28.406,-27.79,-28.383,-27.7866,-28.772
1.262327416,-28.255,-27.635,-28.202,-27.6246,-28.61
1.282051282,-28.096,-27.472,-28.015,-27.4566,-28.442
1.301775148,-27.931,-27.303,-27.826,-27.2836,-28.269
1.321499014,-27.755,-27.124,-27.633,-27.1016,-28.087
1.34122288,-27.576,-26.943,-27.439,-26.9176,-27.903
1.360946746,-27.39,-26.755,-27.245,-26.7266,-27.712
1.380670611,-27.201,-26.564,-27.049,-26.5326,-27.518
1.400394477,-27.011,-26.373,-26.858,-26.3386,-27.324
1.420118343,-26.817,-26.178,-26.664,-26.1406,-27.126
1.439842209,-26.625,-25.986,-26.476,-25.9446,-26.93
1.459566075,-26.432,-25.793,-26.289,-25.7486,-26.734
1.479289941,-26.24,-25.602,-26.103,-25.5526,-26.538
1.499013807,-26.054,-25.417,-25.926,-25.3636,-26.349
1.518737673,-25.863,-25.226,-25.742,-25.1686,-26.154
1.538461538,-25.69,-25.055,-25.579,-24.9906,-25.976
1.558185404,-25.508,-24.874,-25.405,-24.8036,-25.789
1.57790927,-25.345,-24.713,-25.25,-24.6336,-25.619
1.597633136,-25.179,-24.548,-25.091,-24.4596,-25.445
1.617357002,-25.025,-24.397,-24.942,-24.2966,-25.282
1.637080868,-24.879,-24.254,-24.8,-24.1396,-25.125
1.656804734,-24.735,-24.112,-24.657,-23.9826,-24.968
1.6765286,-24.618,-23.998,-24.535,-23.8446,-24.83
1.696252465,-24.486,-23.87,-24.398,-23.6936,-24.679
1.715976331,-24.41,-23.799,-24.3,-23.5786,-24.564
1.735700197,-24.317,-23.713,-24.185,-23.4476,-24.433
1.755424063,-24.295,-23.704,-24.122,-23.3426,-24.328
1.775147929,-24.286,-23.712,-24.066,-23.2346,-24.22
1.794871795,-24.334,-23.793,-24.048,-23.1296,-24.115
1.814595661,-24.593,-24.151,-24.153,-23.0436,-24.029
1.834319527,-25.573,-25.304,-24.553,-22.9716,-23.957
1.854043393,-23.737,-20.843,-25.881,-22.9106,-23.896
1.873767258,-21.637,-21.225,-20.277,-22.8666,-23.852
1.893491124,-22.196,-21.673,-21.428,-22.8426,-23.828
1.91321499,-22.409,-21.845,-22.033,-22.8476,-23.833
1.932938856,-22.5,-21.918,-22.25,-22.8946,-23.88
1.952662722,-22.539,-21.948,-22.346,-23.0156,-24.001
1.972386588,-22.553,-21.957,-22.389,-23.3006,-24.286
1.992110454,-22.555,-21.957,-22.408,-24.0706,-25.056
2.01183432,-22.551,-21.951,-22.414,-25.5836,-26.569
2.031558185,-22.544,-21.944,-22.415,-20.2826,-21.268
2.051282051,-22.538,-21.937,-22.414,-20.8626,-21.848
2.071005917,-22.534,-21.932,-22.413,-21.2036,-22.189
2.090729783,-22.532,-21.929,-22.413,-21.3856,-22.371
2.110453649,-22.532,-21.928,-22.415,-21.4946,-22.48
2.130177515,-22.535,-21.93,-22.419,-21.5676,-22.553
2.149901381,-22.547,-21.942,-22.433,-21.6256,-22.611
2.169625247,-22.569,-21.963,-22.455,-21.6786,-22.664
2.189349112,-22.573,-21.967,-22.461,-21.7126,-22.698
2.209072978,-22.581,-21.974,-22.469,-21.7436,-22.729
2.228796844,-22.611,-22.002,-22.499,-21.7876,-22.773
2.24852071,-22.625,-22.015,-22.513,-21.8146,-22.8
2.268244576,-22.64,-22.029,-22.528,-21.8416,-22.827
2.287968442,-22.676,-22.065,-22.564,-21.8866,-22.872
2.307692308,-22.698,-22.085,-22.585,-21.9156,-22.901
2.327416174,-22.72,-22.106,-22.606,-21.9436,-22.929
2.347140039,-22.761,-22.146,-22.646,-21.9896,-22.975
2.366863905,-22.789,-22.172,-22.672,-22.0226,-23.008
2.386587771,-22.816,-22.197,-22.697,-22.0526,-23.038
2.406311637,-22.859,-22.24,-22.738,-22.0976,-23.083
2.426035503,-22.891,-22.27,-22.768,-22.1316,-23.117
2.445759369,-22.92,-22.298,-22.794,-22.1616,-23.147
2.465483235,-22.965,-22.342,-22.836,-22.2056,-23.191
2.485207101,-22.998,-22.374,-22.867,-22.2386,-23.224
2.504930966,-23.028,-22.403,-22.894,-22.2666,-23.252
2.524654832,-23.072,-22.448,-22.936,-22.3046,-23.29
2.544378698,-23.106,-22.482,-22.967,-22.3336,-23.319
2.564102564,-23.138,-22.514,-22.995,-22.3566,-23.342
2.58382643,-23.186,-22.564,-23.039,-22.3876,-23.373
2.603550296,-23.224,-22.605,-23.073,-22.4086,-23.394
2.623274162,-23.259,-22.644,-23.103,-22.4236,-23.409
2.642998028,-23.313,-22.705,-23.148,-22.4396,-23.425
2.662721893,-23.384,-22.789,-23.203,-22.4516,-23.437
2.682445759,-23.487,-22.917,-23.275,-22.4606,-23.446
2.702169625,-23.651,-23.129,-23.375,-22.4656,-23.451
2.721893491,-23.987,-23.594,-23.541,-22.4666,-23.452
2.741617357,-24.753,-24.633,-23.844,-22.4646,-23.45
2.761341223,-23.055,-21.4,-24.54,-22.4586,-23.444
2.781065089,-21.813,-21.089,-24.773,-22.4506,-23.436
2.800788955,-22.108,-21.411,-21.236,-22.4406,-23.426
2.820512821,-22.265,-21.567,-21.558,-22.4296,-23.415
2.840236686,-22.341,-21.644,-21.836,-22.4196,-23.405
2.859960552,-22.369,-21.675,-21.973,-22.4136,-23.399
2.879684418,-22.369,-21.677,-22.033,-22.4166,-23.402
2.899408284,-22.35,-21.661,-22.053,-22.4346,-23.42
2.91913215,-22.318,-21.632,-22.046,-22.4856,-23.471
2.938856016,-22.276,-21.593,-22.022,-22.6036,-23.589
2.958579882,-22.226,-21.546,-21.985,-22.8646,-23.85
2.978303748,-22.17,-21.492,-21.939,-23.4366,-24.422
2.998027613,-22.108,-21.434,-21.885,-22.7106,-23.696
3.017751479,-22.043,-21.373,-21.827,-20.2096,-21.195
3.037475345,-21.975,-21.308,-21.763,-20.4246,-21.41
3.057199211,-21.904,-21.241,-21.697,-20.6246,-21.61
3.076923077,-21.831,-21.172,-21.629,-20.7106,-21.696
3.096646943,-21.758,-21.102,-21.56,-20.7366,-21.722
3.116370809,-21.683,-21.032,-21.49,-20.7306,-21.716
3.136094675,-21.609,-20.961,-21.421,-20.7076,-21.693
3.15581854,-21.535,-20.892,-21.352,-20.6726,-21.658
3.175542406,-21.463,-20.823,-21.286,-20.6316,-21.617
3.195266272,-21.399,-20.763,-21.228,-20.5886,-21.574
3.214990138,-21.322,-20.69,-21.158,-20.5326,-21.518
3.234714004,-21.262,-20.635,-21.105,-20.4826,-21.468
3.25443787,-21.189,-20.566,-21.039,-20.4196,-21.405
3.274161736,-21.135,-20.516,-20.993,-20.3686,-21.354
3.293885602,-21.067,-20.452,-20.932,-20.3026,-21.288
3.313609467,-21.02,-20.409,-20.892,-20.2546,-21.24
3.333333333,-20.958,-20.35,-20.837,-20.1906,-21.176
3.353057199,-20.928,-20.324,-20.811,-20.1586,-21.144
3.372781065,-20.882,-20.282,-20.771,-20.1096,-21.095
3.392504931,-20.821,-20.225,-20.715,-20.0446,-21.03
3.412228797,-20.803,-20.21,-20.698,-20.0236,-21.009
3.431952663,-20.769,-20.18,-20.666,-19.9876,-20.973
3.451676529,-20.719,-20.134,-20.618,-19.9336,-20.919
3.471400394,-20.712,-20.13,-20.608,-19.9266,-20.912
3.49112426,-20.69,-20.112,-20.584,-19.9036,-20.889
3.510848126,-20.652,-20.077,-20.544,-19.8636,-20.849
3.530571992,-20.655,-20.085,-20.54,-19.8696,-20.855
3.550295858,-20.644,-20.079,-20.524,-19.8616,-20.847
3.570019724,-20.617,-20.057,-20.492,-19.8356,-20.821
3.58974359,-20.626,-20.076,-20.496,-19.8546,-20.84
3.609467456,-20.622,-20.083,-20.488,-19.8606,-20.846
3.629191321,-20.601,-20.074,-20.464,-19.8496,-20.835
3.648915187,-20.609,-20.109,-20.475,-19.8786,-20.864
3.668639053,-20.605,-20.134,-20.476,-19.8976,-20.883
3.688362919,-20.585,-20.142,-20.461,-19.8996,-20.885
3.708086785,-20.589,-20.184,-20.464,-19.9206,-20.906
3.727810651,-20.608,-20.257,-20.472,-19.9476,-20.933
3.747534517,-20.638,-20.253,-20.485,-19.9786,-20.964
3.767258383,-20.671,-19.811,-20.5,-20.0126,-20.998
3.786982249,-20.707,-19.996,-20.519,-20.0476,-21.033
3.806706114,-20.745,-20.086,-20.541,-20.0866,-21.072
3.82642998,-20.797,-20.151,-20.583,-20.1406,-21.126
3.846153846,-20.839,-20.203,-20.615,-20.1856,-21.171
3.865877712,-20.867,-20.24,-20.632,-20.2156,-21.201
3.885601578,-20.918,-20.292,-20.678,-20.2696,-21.255
3.905325444,-20.964,-20.336,-20.719,-20.3176,-21.303
3.92504931,-20.996,-20.366,-20.746,-20.3526,-21.338
3.944773176,-21.049,-20.416,-20.798,-20.4066,-21.392
3.964497041,-21.098,-20.459,-20.846,-20.4566,-21.442
3.984220907,-21.133,-20.49,-20.88,-20.4936,-21.479
4.003944773,-21.187,-20.539,-20.935,-20.5466,-21.532
4.023668639,-21.236,-20.583,-20.986,-20.5946,-21.58
4.043392505,-21.274,-20.615,-21.025,-20.6316,-21.617
4.063116371,-21.327,-20.662,-21.08,-20.6816,-21.667
4.082840237,-21.376,-20.705,-21.131,-20.7266,-21.712
4.102564103,-21.413,-20.737,-21.171,-20.7616,-21.747
4.122287968,-21.463,-20.781,-21.222,-20.8066,-21.792
4.142011834,-21.51,-20.822,-21.269,-20.8476,-21.833
4.1617357,-21.546,-20.852,-21.305,-20.8776,-21.863
4.181459566,-21.59,-20.892,-21.35,-20.9166,-21.902
4.201183432,-21.632,-20.929,-21.39,-20.9506,-21.936
4.220907298,-21.664,-20.955,-21.42,-20.9756,-21.961
4.240631164,-21.701,-20.99,-21.455,-21.0066,-21.992
4.26035503,-21.736,-21.021,-21.486,-21.0346,-22.02
4.280078895,-21.76,-21.042,-21.508,-21.0516,-22.037
4.299802761,-21.789,-21.068,-21.532,-21.0746,-22.06
4.319526627,-21.813,-21.092,-21.553,-21.0936,-22.079
4.339250493,-21.829,-21.105,-21.564,-21.1036,-22.089
4.358974359,-21.846,-21.123,-21.578,-21.1166,-22.102
4.378698225,-21.859,-21.137,-21.587,-21.1266,-22.112
4.398422091,-21.863,-21.141,-21.588,-21.1266,-22.112
4.418145957,-21.868,-21.148,-21.59,-21.1306,-22.116
4.437869822,-21.868,-21.151,-21.59,-21.1306,-22.116
4.457593688,-21.859,-21.145,-21.58,-21.1216,-22.107
4.477317554,-21.851,-21.14,-21.573,-21.1156,-22.101
4.49704142,-21.839,-21.132,-21.563,-21.1056,-22.091
4.516765286,-21.817,-21.115,-21.544,-21.0876,-22.073
4.536489152,-21.797,-21.099,-21.529,-21.0716,-22.057
4.556213018,-21.773,-21.081,-21.512,-21.0526,-22.038
4.575936884,-21.74,-21.052,-21.485,-21.0246,-22.01
4.59566075,-21.711,-21.028,-21.463,-20.9996,-21.985
4.615384615,-21.679,-21.001,-21.441,-20.9726,-21.958
4.635108481,-21.637,-20.964,-21.408,-20.9356,-21.921
4.654832347,-21.602,-20.933,-21.383,-20.9026,-21.888
4.674556213,-21.566,-20.902,-21.357,-20.8686,-21.854
4.694280079,-21.52,-20.86,-21.321,-20.8246,-21.81
4.714003945,-21.483,-20.827,-21.293,-20.7866,-21.772
4.733727811,-21.448,-20.795,-21.268,-20.7476,-21.733
4.753451677,-21.401,-20.752,-21.23,-20.6986,-21.684
4.773175542,-21.367,-20.72,-21.202,-20.6566,-21.642
4.792899408,-21.337,-20.692,-21.178,-20.6166,-21.602
4.812623274,-21.294,-20.652,-21.141,-20.5656,-21.551
4.83234714,-21.266,-20.625,-21.115,-20.5236,-21.509
4.852071006,-21.244,-20.604,-21.095,-20.4866,-21.472
4.871794872,-21.209,-20.57,-21.061,-20.4366,-21.422
4.891518738,-21.187,-20.549,-21.039,-20.3976,-21.383
4.911242604,-21.176,-20.538,-21.023,-20.3676,-21.353
4.930966469,-21.15,-20.512,-20.995,-20.3226,-21.308
4.950690335,-21.137,-20.499,-20.977,-20.2916,-21.277
4.970414201,-21.136,-20.497,-20.969,-20.2716,-21.257
4.990138067,-21.12,-20.48,-20.946,-20.2356,-21.221
5.009861933,-21.116,-20.475,-20.935,-20.2156,-21.201
5.029585799,-21.124,-20.482,-20.935,-20.2086,-21.194
5.049309665,-21.118,-20.473,-20.919,-20.1856,-21.171
5.069033531,-21.122,-20.476,-20.915,-20.1776,-21.163
5.088757396,-21.139,-20.49,-20.923,-20.1856,-21.171
5.108481262,-21.141,-20.489,-20.916,-20.1776,-21.163
5.128205128,-21.152,-20.498,-20.918,-20.1826,-21.168
5.147928994,-21.176,-20.519,-20.935,-20.2056,-21.191
5.16765286,-21.186,-20.525,-20.936,-20.2126,-21.198
5.187376726,-21.203,-20.539,-20.946,-20.2306,-21.216
5.207100592,-21.232,-20.565,-20.97,-20.2676,-21.253
5.226824458,-21.248,-20.577,-20.979,-20.2876,-21.273
5.246548323,-21.269,-20.595,-20.996,-20.3176,-21.303
5.266272189,-21.304,-20.626,-21.027,-20.3646,-21.35
5.285996055,-21.324,-20.643,-21.044,-20.3956,-21.381
5.305719921,-21.35,-20.664,-21.067,-20.4346,-21.42
5.325443787,-21.388,-20.699,-21.105,-20.4886,-21.474
5.345167653,-21.413,-20.72,-21.129,-20.5286,-21.514
5.364891519,-21.441,-20.745,-21.157,-20.5726,-21.558
5.384615385,-21.483,-20.784,-21.2,-20.6326,-21.618
5.40433925,-21.511,-20.809,-21.229,-20.6786,-21.664
5.424063116,-21.542,-20.837,-21.262,-20.7266,-21.712
5.443786982,-21.586,-20.879,-21.31,-20.7886,-21.774
5.463510848,-21.618,-20.908,-21.344,-20.8386,-21.824
5.483234714,-21.647,-20.935,-21.376,-20.8846,-21.87
5.50295858,-21.684,-20.97,-21.416,-20.9396,-21.925
5.522682446,-21.726,-21.01,-21.461,-20.9986,-21.984
5.542406312,-21.765,-21.048,-21.503,-21.0546,-22.04
5.562130178,-21.805,-21.087,-21.546,-21.1116,-22.097
5.581854043,-21.849,-21.131,-21.593,-21.1726,-22.158
5.601577909,-21.889,-21.17,-21.636,-21.2296,-22.215
5.621301775,-21.933,-21.214,-21.681,-21.2906,-22.276
5.641025641,-21.978,-21.259,-21.727,-21.3526,-22.338
5.660749507,-22.025,-21.307,-21.774,-21.4176,-22.403
5.680473373,-22.073,-21.355,-21.82,-21.4836,-22.469
5.700197239,-22.121,-21.403,-21.866,-21.5506,-22.536
5.719921105,-22.175,-21.457,-21.917,-21.6396,-22.625
5.73964497,-22.238,-21.515,-21.973,-21.7746,-22.76
5.759368836,-22.3,-21.573,-22.029,-21.9216,-22.907
5.779092702,-22.362,-21.631,-22.085,-22.0386,-23.024
5.798816568,-22.423,-21.688,-22.141,-22.0176,-23.003
5.818540434,-22.484,-21.745,-22.195,-21.8446,-22.83
5.8382643,-22.544,-21.802,-22.249,-21.7336,-22.719
5.857988166,-22.604,-21.859,-22.302,-21.7476,-22.733
5.877712032,-22.664,-21.915,-22.354,-21.8076,-22.793
5.897435897,-22.726,-21.972,-22.404,-21.8766,-22.862
5.917159763,-22.79,-22.03,-22.455,-21.9416,-22.927
5.936883629,-22.861,-22.091,-22.504,-22.0016,-22.987
5.956607495,-22.942,-22.157,-22.553,-22.0556,-23.041
5.976331361,-23.045,-22.231,-22.602,-22.1036,-23.089
5.996055227,-23.186,-22.321,-22.651,-22.1466,-23.132
6.015779093,-23.332,-22.438,-22.702,-22.1846,-23.17
6.035502959,-23.133,-22.604,-22.755,-22.2176,-23.203
6.055226824,-22.802,-22.777,-22.815,-22.2456,-23.231
6.07495069,-22.675,-22.561,-22.885,-22.2696,-23.255
6.094674556,-22.696,-22.159,-22.975,-22.2886,-23.274
6.114398422,-22.737,-21.972,-23.101,-22.3056,-23.291
6.134122288,-22.774,-21.98,-23.274,-22.3176,-23.303
6.153846154,-22.803,-22.024,-23.393,-22.3266,-23.312
6.17357002,-22.825,-22.065,-22.985,-22.3326,-23.318
6.193293886,-22.844,-22.1,-22.591,-22.3376,-23.323
6.213017751,-22.864,-22.134,-22.609,-22.3456,-23.331
6.232741617,-22.872,-22.156,-22.602,-22.3436,-23.329
6.252465483,-22.874,-22.17,-22.582,-22.3346,-23.32
6.272189349,-22.886,-22.192,-22.619,-22.3376,-23.323
6.291913215,-22.887,-22.204,-22.644,-22.3306,-23.316
6.311637081,-22.88,-22.207,-22.659,-22.3156,-23.301
6.331360947,-22.889,-22.224,-22.683,-22.3166,-23.302
6.351084813,-22.886,-22.23,-22.696,-22.3066,-23.292
6.370808679,-22.875,-22.228,-22.699,-22.2886,-23.274
6.390532544,-22.883,-22.243,-22.718,-22.2906,-23.276
6.41025641,-22.879,-22.246,-22.725,-22.2816,-23.267
6.429980276,-22.864,-22.24,-22.721,-22.2616,-23.247
6.449704142,-22.863,-22.244,-22.728,-22.2556,-23.241
6.469428008,-22.86,-22.248,-22.734,-22.2486,-23.234
6.489151874,-22.859,-22.253,-22.74,-22.2466,-23.232
6.50887574,-22.861,-22.259,-22.748,-22.2486,-23.234
6.528599606,-22.863,-22.266,-22.755,-22.2546,-23.24
6.548323471,-22.866,-22.273,-22.764,-22.2686,-23.254
6.568047337,-22.888,-22.297,-22.787,-22.3386,-23.324
6.587771203,-22.896,-22.308,-22.798,-22.3946,-23.38
6.607495069,-22.891,-22.306,-22.797,-22.4336,-23.419
6.627218935,-22.923,-22.338,-22.825,-22.4336,-23.419
6.646942801,-22.94,-22.356,-22.841,-22.4306,-23.416
6.666666667,-22.944,-22.361,-22.844,-22.4256,-23.411
6.686390533,-22.983,-22.395,-22.872,-22.3176,-23.303
6.706114398,-23.008,-22.415,-22.887,-22.1876,-23.173
6.725838264,-23.069,-22.461,-22.919,-22.2006,-23.186
6.74556213,-23.117,-22.494,-22.939,-22.1956,-23.181
6.765285996,-23.173,-22.559,-22.976,-22.2256,-23.211
6.785009862,-23.22,-22.614,-23,-22.2396,-23.225
6.804733728,-23.206,-22.65,-23.042,-22.2756,-23.261
6.824457594,-23.18,-22.679,-23.072,-22.2986,-23.284
6.84418146,-23.197,-22.591,-23.116,-22.3406,-23.326
6.863905325,-23.202,-22.485,-23.148,-22.3686,-23.354
6.883629191,-23.241,-22.514,-23.18,-22.4156,-23.401
6.903353057,-23.269,-22.534,-23.197,-22.4496,-23.435
6.923076923,-23.316,-22.587,-23.19,-22.5006,-23.486
6.942800789,-23.353,-22.629,-23.168,-22.5396,-23.525
6.962524655,-23.405,-22.684,-23.179,-22.5956,-23.581
6.982248521,-23.446,-22.728,-23.185,-22.6396,-23.625
7.001972387,-23.502,-22.782,-23.232,-22.6976,-23.683
7.021696252,-23.547,-22.827,-23.274,-22.7466,-23.732
7.041420118,-23.605,-22.882,-23.331,-22.8076,-23.793
7.061143984,-23.653,-22.927,-23.379,-22.8596,-23.845
7.08086785,-23.712,-22.982,-23.437,-22.9236,-23.909
7.100591716,-23.762,-23.028,-23.486,-22.9786,-23.964
7.120315582,-23.823,-23.085,-23.543,-23.0446,-24.03
7.140039448,-23.875,-23.132,-23.592,-23.1016,-24.087
7.159763314,-23.945,-23.196,-23.657,-23.1746,-24.16
7.179487179,-24.007,-23.253,-23.715,-23.2406,-24.226
7.199211045,-24.058,-23.298,-23.761,-23.2946,-24.28
7.218934911,-24.117,-23.352,-23.816,-23.3546,-24.34
7.238658777,-24.185,-23.416,-23.881,-23.4206,-24.406
7.258382643,-24.242,-23.468,-23.935,-23.4766,-24.462
7.278106509,-24.293,-23.514,-23.982,-23.5246,-24.51
7.297830375,-24.367,-23.584,-24.054,-23.5836,-24.569
7.317554241,-24.43,-23.643,-24.115,-23.6376,-24.623
7.337278107,-24.481,-23.691,-24.165,-23.6856,-24.671
7.357001972,-24.551,-23.759,-24.235,-23.8126,-24.798
7.376725838,-24.619,-23.825,-24.303,-23.9456,-24.931
7.396449704,-24.675,-23.88,-24.36,-24.0586,-25.044
7.41617357,-24.733,-23.936,-24.418,-24.1326,-25.118
7.435897436,-24.795,-23.998,-24.482,-24.1686,-25.154
7.455621302,-24.859,-24.062,-24.548,-24.2176,-25.203
7.475345168,-24.918,-24.122,-24.61,-24.2656,-25.251
7.495069034,-24.981,-24.187,-24.676,-24.3206,-25.306
7.514792899,-25.04,-24.248,-24.738,-24.3736,-25.359
7.534516765,-25.097,-24.308,-24.8,-24.4256,-25.411
7.554240631,-25.153,-24.367,-24.859,-24.4766,-25.462
7.573964497,-25.208,-24.425,-24.918,-24.5286,-25.514
7.593688363,-25.262,-24.483,-24.975,-24.5796,-25.565
7.613412229,-25.315,-24.54,-25.033,-24.6316,-25.617
7.633136095,-25.365,-24.594,-25.086,-24.6806,-25.666
7.652859961,-25.414,-24.648,-25.139,-24.7286,-25.714
7.672583826,-25.458,-24.697,-25.187,-24.7726,-25.758
7.692307692,-25.505,-24.748,-25.237,-24.8196,-25.805
7.712031558,-25.547,-24.796,-25.283,-24.8626,-25.848
7.731755424,-25.588,-24.842,-25.327,-24.9046,-25.89
7.75147929,-25.629,-24.887,-25.371,-24.9456,-25.931
7.771203156,-25.665,-24.928,-25.41,-24.9826,-25.968
7.790927022,-25.705,-24.973,-25.452,-25.0236,-26.009
7.810650888,-25.74,-25.013,-25.49,-25.0586,-26.044
7.830374753,-25.776,-25.052,-25.528,-25.0946,-26.08
7.850098619,-25.813,-25.092,-25.565,-25.1296,-26.115
7.869822485,-25.845,-25.128,-25.598,-25.1596,-26.145
7.889546351,-25.885,-25.168,-25.636,-25.1946,-26.18
7.909270217,-25.921,-25.204,-25.67,-25.2246,-26.21
7.928994083,-25.961,-25.242,-25.704,-25.2546,-26.24
7.948717949,-26,-25.276,-25.736,-25.2816,-26.267
7.968441815,-26.043,-25.314,-25.77,-25.3116,-26.297
7.98816568,-26.079,-25.352,-25.803,-25.3396,-26.325
8.007889546,-26.059,-25.392,-25.837,-25.3696,-26.355
8.027613412,-25.947,-25.433,-25.871,-25.3986,-26.384
8.047337278,-25.87,-25.477,-25.905,-25.4286,-26.414
8.067061144,-25.89,-25.524,-25.938,-25.4586,-26.444
8.08678501,-25.944,-25.574,-25.972,-25.4906,-26.476
8.106508876,-25.997,-25.625,-26.005,-25.5236,-26.509
8.126232742,-26.046,-25.661,-26.037,-25.5586,-26.544
8.145956607,-26.091,-25.619,-26.068,-25.5966,-26.582
8.165680473,-26.134,-25.472,-26.097,-25.6346,-26.62
8.185404339,-26.176,-25.378,-26.124,-25.6756,-26.661
8.205128205,-26.217,-25.417,-26.148,-25.7186,-26.704
8.224852071,-26.262,-25.492,-26.173,-25.7656,-26.751
8.244575937,-26.302,-25.56,-26.192,-25.8076,-26.793
8.264299803,-26.348,-25.626,-26.215,-25.8546,-26.84
8.284023669,-26.393,-25.687,-26.238,-25.8986,-26.884
8.303747535,-26.435,-25.742,-26.26,-25.9386,-26.924
8.3234714,-26.486,-25.799,-26.291,-25.9786,-26.964
8.343195266,-26.533,-25.849,-26.328,-26.0176,-27.003
8.362919132,-26.578,-25.89,-26.366,-26.0556,-27.041
8.382642998,-26.631,-25.938,-26.415,-26.1036,-27.089
8.402366864,-26.682,-25.984,-26.461,-26.1496,-27.135
8.42209073,-26.733,-26.029,-26.506,-26.1946,-27.18
8.441814596,-26.794,-26.081,-26.558,-26.2476,-27.233
8.461538462,-26.855,-26.131,-26.608,-26.2996,-27.285
8.481262327,-26.918,-26.18,-26.656,-26.3496,-27.335
8.500986193,-26.997,-26.237,-26.711,-26.4076,-27.393
8.520710059,-27.084,-26.292,-26.764,-26.4636,-27.449
8.540433925,-27.183,-26.347,-26.816,-26.5196,-27.505
8.560157791,-27.318,-26.411,-26.875,-26.5816,-27.567
8.579881657,-27.413,-26.475,-26.931,-26.6416,-27.627
8.599605523,-27.454,-26.541,-26.988,-26.7006,-27.686
8.619329389,-27.393,-26.619,-27.051,-26.7666,-27.752
8.639053254,-27.355,-26.7,-27.112,-26.8296,-27.815
8.65877712,-27.363,-26.79,-27.174,-26.8926,-27.878
8.678500986,-27.41,-26.905,-27.243,-26.9616,-27.947
8.698224852,-27.459,-27.026,-27.308,-27.0256,-28.011
8.717948718,-27.519,-27.162,-27.379,-27.0936,-28.079
8.737672584,-27.582,-27.21,-27.453,-27.1626,-28.148
8.75739645,-27.647,-27.069,-27.53,-27.2326,-28.218
8.777120316,-27.712,-26.932,-27.613,-27.3036,-28.289
8.796844181,-27.779,-26.912,-27.702,-27.3756,-28.361
8.816568047,-27.846,-26.957,-27.801,-27.4496,-28.435
8.836291913,-27.914,-27.02,-27.91,-27.5266,-28.512
8.856015779,-27.981,-27.091,-28.031,-27.6066,-28.592
8.875739645,-28.048,-27.164,-28.143,-27.6936,-28.679
8.895463511,-28.115,-27.237,-28.163,-27.7886,-28.774
8.915187377,-28.182,-27.31,-28.039,-27.8756,-28.861
8.934911243,-28.247,-27.383,-27.93,-27.9236,-28.909
8.954635108,-28.313,-27.455,-27.931,-27.9516,-28.937
8.974358974,-28.38,-27.53,-28.003,-28.0006,-28.986
8.99408284,-28.44,-27.597,-28.074,-28.0466,-29.032
9.013806706,-28.503,-27.671,-28.16,-28.1086,-29.094
9.033530572,-28.559,-27.737,-28.238,-28.1646,-29.15
9.053254438,-28.62,-27.808,-28.32,-28.2276,-29.213
9.072978304,-28.677,-27.874,-28.395,-28.2846,-29.27
9.09270217,-28.757,-27.943,-28.471,-28.3446,-29.33
9.112426036,-28.843,-28.007,-28.542,-28.4006,-29.386
9.132149901,-28.965,-28.072,-28.614,-28.4566,-29.442
9.151873767,-29.059,-28.135,-28.682,-28.5086,-29.494
9.171597633,-29.115,-28.198,-28.749,-28.5596,-29.545
9.191321499,-29.165,-28.26,-28.814,-28.6086,-29.594
9.211045365,-29.208,-28.321,-28.876,-28.6556,-29.641
9.230769231,-29.252,-28.391,-28.938,-28.7006,-29.686
9.250493097,-29.294,-28.461,-28.996,-28.7416,-29.727
9.270216963,-29.335,-28.551,-29.052,-28.7816,-29.767
9.289940828,-29.377,-28.676,-29.108,-28.8186,-29.804
9.309664694,-29.417,-28.797,-29.162,-28.8536,-29.839
9.32938856,-29.456,-28.848,-29.216,-28.8866,-29.872
9.349112426,-29.493,-28.855,-29.269,-28.9166,-29.902
9.368836292,-29.528,-28.862,-29.323,-28.9446,-29.93
9.388560158,-29.562,-28.878,-29.378,-28.9696,-29.955
9.408284024,-29.594,-28.9,-29.439,-28.9906,-29.976
9.42800789,-29.624,-28.925,-29.508,-29.0096,-29.995
9.447731755,-29.651,-28.952,-29.587,-29.0236,-30.009
9.467455621,-29.677,-28.979,-29.663,-29.0316,-30.017
9.487179487,-29.698,-29.006,-29.691,-29.0336,-30.019
9.506903353,-29.716,-29.033,-29.647,-29.0246,-30.01
9.526627219,-29.728,-29.059,-29.606,-29.0006,-29.986
9.546351085,-29.726,-29.085,-29.595,-28.9526,-29.938
9.566074951,-29.704,-29.11,-29.603,-28.8876,-29.873
9.585798817,-29.653,-29.135,-29.62,-28.8586,-29.844
9.605522682,-29.605,-29.159,-29.641,-28.9516,-29.937
9.625246548,-29.641,-29.184,-29.666,-29.1186,-30.104
9.644970414,-29.714,-29.207,-29.691,-29.2616,-30.247
9.66469428,-29.801,-29.23,-29.716,-29.3526,-30.338
9.684418146,-29.866,-29.255,-29.743,-29.4056,-30.391
9.704142012,-29.919,-29.281,-29.772,-29.4466,-30.432
9.723865878,-29.963,-29.306,-29.801,-29.4816,-30.467
9.743589744,-30.003,-29.331,-29.83,-29.5136,-30.499
9.763313609,-30.041,-29.356,-29.862,-29.5456,-30.531
9.783037475,-30.08,-29.38,-29.896,-29.5796,-30.565
9.802761341,-30.118,-29.399,-29.932,-29.6146,-30.6
9.822485207,-30.157,-29.416,-29.968,-29.6496,-30.635
9.842209073,-30.199,-29.444,-30.007,-29.6886,-30.674
9.861932939,-30.242,-29.489,-30.049,-29.7286,-30.714
9.881656805,-30.289,-29.536,-30.094,-29.7726,-30.758
9.901380671,-30.339,-29.583,-30.143,-29.8186,-30.804
9.921104536,-30.394,-29.63,-30.197,-29.8676,-30.853
9.940828402,-30.453,-29.678,-30.256,-29.9196,-30.905
9.960552268,-30.519,-29.727,-30.322,-29.9746,-30.96
9.980276134,-30.594,-29.779,-30.394,-30.0326,-31.018
10,-30.676,-29.832,-30.46,-30.0936,-31.079
